google,https://www.google.com
gnanam,https://ggnanasekaran.com
gnanam404,https://ggnanasekaran.com/404
credit-suisse,https://www.credit-suisse.com/sg/en.html
gnanam_http,http://ggnanasekaran.com
google,https://www.google.com
gnanam,https://ggnanasekaran.com
gnanam404,https://ggnanasekaran.com/404
credit-suisse,https://www.credit-suisse.com/sg/en.html
gnanam_http,http://ggnanasekaran.com
google,https://www.google.com
gnanam,https://ggnanasekaran.com
gnanam404,https://ggnanasekaran.com/404
credit-suisse,https://www.credit-suisse.com/sg/en.html
gnanam_http,http://ggnanasekaran.com
google,https://www.google.com
gnanam,https://ggnanasekaran.com
gnanam404,https://ggnanasekaran.com/404
credit-suisse,https://www.credit-suisse.com/sg/en.html
gnanam_http,http://ggnanasekaran.com
