name,url
gnanam404,https://ggnanasekaran.com/404
credit-suisse,https://www.credit-suisse.com/sg/en.html
google,https://www.google.com
gnanam,https://ggnanasekaran.com
gnanam404,https://ggnanasekaran.com/404
credit-suisse,https://www.credit-suisse.com/sg/en.html
google,https://www.google.com
gnanam,https://ggnanasekaran.com
gnanam404,https://ggnanasekaran.com/404
credit-suisse,https://www.credit-suisse.com/sg/en.html
google,https://www.google.com
gnanam,https://ggnanasekaran.com
gnanam404,https://ggnanasekaran.com/404
credit-suisse,https://www.credit-suisse.com/sg/en.html
google,https://www.google.com
gnanam,https://ggnanasekaran.com
gnanam404,https://ggnanasekaran.com/404
credit-suisse,https://www.credit-suisse.com/sg/en.html
google,https://www.google.com
gnanam,https://ggnanasekaran.com
gnanam404,https://ggnanasekaran.com/404
credit-suisse,https://www.credit-suisse.com/sg/en.html
google,https://www.google.com
gnanam,https://ggnanasekaran.com
gnanam404,https://ggnanasekaran.com/404
credit-suisse,https://www.credit-suisse.com/sg/en.html
google,https://www.google.com
gnanam,https://ggnanasekaran.com
gnanam404,https://ggnanasekaran.com/404
credit-suisse,https://www.credit-suisse.com/sg/en.html
google,https://www.google.com
gnanam,https://ggnanasekaran.com
gnanam404,https://ggnanasekaran.com/404
credit-suisse,https://www.credit-suisse.com/sg/en.html
google,https://www.google.com
gnanam,https://ggnanasekaran.com
gnanam404,https://ggnanasekaran.com/404
credit-suisse,https://www.credit-suisse.com/sg/en.html
google,https://www.google.com
gnanam,https://ggnanasekaran.com
gnanam404,https://ggnanasekaran.com/404
credit-suisse,https://www.credit-suisse.com/sg/en.html
google,https://www.google.com
gnanam,https://ggnanasekaran.com
gnanam404,https://ggnanasekaran.com/404
credit-suisse,https://www.credit-suisse.com/sg/en.html
google,https://www.google.com
gnanam,https://ggnanasekaran.com
gnanam404,https://ggnanasekaran.com/404
credit-suisse,https://www.credit-suisse.com/sg/en.html
iuscommunity,https://mirrors.iuscommunity.org/mirrorlist
